<?xml version="1.0" encoding="UTF-8" standalone="yes"?>
<tempoReportHaul xmlns:a="http://www.appian.com/ae/types/2009">
    <versionUuid>ceb2e71d-8dfe-4d6d-814c-331c211dd255</versionUuid>
    <tempoReport a:uuid="a1374d5f-d2a3-4966-b8d9-1961e22556b5" name="SA_CalendarReportForSite">
        <a:description></a:description>
        <a:uiExpr>=#"_a-0000e324-cf90-8000-9ba2-011c48011c48_136970"()</a:uiExpr>
        <a:urlStub>Q82LnQ</a:urlStub>
    </tempoReport>
    <roleMap>
        <role name="report_administrator">
            <users/>
            <groups>
                <groupUuid>_e-0000e232-498c-8000-9aee-01075c01075c_59</groupUuid>
            </groups>
        </role>
    </roleMap>
    <history>
        <historyInfo versionUuid="ceb2e71d-8dfe-4d6d-814c-331c211dd255"/>
    </history>
</tempoReportHaul>
