<?xml version="1.0" encoding="UTF-8" standalone="yes"?>
<contentHaul xmlns:a="http://www.appian.com/ae/types/2009">
    <versionUuid>_a-0000e324-cf90-8000-9ba2-011c48011c48_128848</versionUuid>
    <rule>
        <name>KA_dynamicPagingData</name>
        <uuid>_a-0000e324-cf90-8000-9ba2-011c48011c48_128506</uuid>
        <description></description>
        <parentUuid>_a-0000e232-498c-8000-9ba2-011c48011c48_21848</parentUuid>
        <visibility>
            <advertise>false</advertise>
            <hierarchy>true</hierarchy>
            <indexable>true</indexable>
            <quota>false</quota>
            <searchable>true</searchable>
            <system>false</system>
            <unlogged>false</unlogged>
        </visibility>
        <definition>load(
  local!batchSize: #"_a-0000e324-cf90-8000-9ba2-011c48011c48_128770"[1],
  local!pagingInfo: #"SYSTEM_SYSRULES_pagingInfo"(
    startIndex: 1,
    batchSize: local!batchSize
  ),
  local!data: #"_a-0000e324-cf90-8000-9ba2-011c48011c48_127064"(),
  local!datasubset: todatasubset(
    local!data,
    local!pagingInfo
  ).data,
  with(
    {
      #"SYSTEM_SYSRULES_columnsLayout"(
        columns: {
          #"SYSTEM_SYSRULES_columnLayout"(
            contents: {
              #"SYSTEM_SYSRULES_dropdownField"(
                label: "Batch Size",
                labelPosition: "ADJACENT",
                choiceLabels: #"_a-0000e324-cf90-8000-9ba2-011c48011c48_128764",
                choiceValues: #"_a-0000e324-cf90-8000-9ba2-011c48011c48_128770",
                value: local!batchSize,
                saveInto: {
                  local!batchSize,
                  a!save(
                    local!pagingInfo,
                    #"SYSTEM_SYSRULES_pagingInfo"(
                      1,
                      save!value
                    )
                  ),
                  a!save(
                    local!datasubset,
                    todatasubset(
                      local!data,
                      local!pagingInfo
                    ).data
                  )
                }
              )
            }
          ),
          #"SYSTEM_SYSRULES_columnLayout"(),
          #"SYSTEM_SYSRULES_columnLayout"()
        }
      ),
      #"SYSTEM_SYSRULES_textField"(
        readOnly: true()
      ),
      #"SYSTEM_SYSRULES_gridField_v1"(
        pageSize: if(
          local!pagingInfo.batchSize =- 1,
          count(
            local!data
          )local!pagingInfo.batchSize
        ),
        spacing: "DENSE",
        label: "Requests",
        labelPosition: "ABOVE",
        data: local!data,
        pagingSaveInto: local!pagingInfo,
        columns: {
          #"SYSTEM_SYSRULES_gridColumn"(
            label: "Request Id",
            value: fv!row.requestId,
            sortField: "requestId"
          ),
          #"SYSTEM_SYSRULES_gridColumn"(
            label: "Business Unit",
            value: fv!row.businessUnit,
            sortField: "businessUnit"
          ),
          #"SYSTEM_SYSRULES_gridColumn"(
            label: "Requestor",
            value: fv!row.requestorName,
            sortField: "requestorName"
          ),
          #"SYSTEM_SYSRULES_gridColumn"(
            label: "Target Completion Date",
            value: fv!row.targetCompletionDate,
            sortField: "targetCompletionDate"
          ),
          #"SYSTEM_SYSRULES_gridColumn"(
            label: "Capability Area",
            value: fv!row.serviceCapabilitiesArea,
            sortField: "serviceCapabilitiesArea"
          )
        },
        validations: {}
      )
    }
  )
)</definition>
        <preferredEditor>interface</preferredEditor>
        <offlineEnabled>false</offlineEnabled>
    </rule>
    <roleMap public="true">
        <role inherit="true" allowForAll="false" name="readers">
            <users/>
            <groups/>
        </role>
        <role inherit="true" allowForAll="false" name="authors">
            <users/>
            <groups/>
        </role>
        <role inherit="true" allowForAll="false" name="administrators">
            <users/>
            <groups/>
        </role>
        <role inherit="false" allowForAll="false" name="denyReaders">
            <users/>
            <groups/>
        </role>
        <role inherit="false" allowForAll="false" name="denyAuthors">
            <users/>
            <groups/>
        </role>
        <role inherit="false" allowForAll="false" name="denyAdministrators">
            <users/>
            <groups/>
        </role>
    </roleMap>
    <history>
        <historyInfo versionUuid="_a-0000e324-cf90-8000-9ba2-011c48011c48_128848"/>
    </history>
</contentHaul>
