<?xml version="1.0" encoding="UTF-8" standalone="yes"?>
<applicationHaul xmlns:a="http://www.appian.com/ae/types/2009">
    <versionUuid>_a-0000e324-cf90-8000-9ba2-011c48011c48_138823</versionUuid>
    <application>
        <name>Smita Sandpit</name>
        <uuid>_a-0000e2a7-95ca-8000-9ba2-011c48011c48_53723</uuid>
        <description>This is a dummy application</description>
        <parentUuid>SYSTEM_APPLICATIONS_ROOT</parentUuid>
        <visibility>
            <advertise>false</advertise>
            <hierarchy>true</hierarchy>
            <indexable>true</indexable>
            <quota>false</quota>
            <searchable>true</searchable>
            <system>false</system>
            <unlogged>false</unlogged>
        </visibility>
        <urlIdentifier>4MPFew</urlIdentifier>
        <published>false</published>
        <public>false</public>
        <associatedObjects>
            <globalIdMap>
                <item>
                    <type>datatype</type>
                    <uuids>
                        <uuid>{urn:com:appian:types:test}SS_Test</uuid>
                    </uuids>
                </item>
                <item>
                    <type>dataStore</type>
                    <uuids/>
                </item>
                <item>
                    <type>user</type>
                    <uuids/>
                </item>
                <item>
                    <type>groupType</type>
                    <uuids/>
                </item>
                <item>
                    <type>group</type>
                    <uuids/>
                </item>
                <item>
                    <type>content</type>
                    <uuids>
                        <uuid>_a-0000e2a7-95ca-8000-9ba2-011c48011c48_53728</uuid>
                        <uuid>_a-0000e2a7-95ca-8000-9ba2-011c48011c48_53733</uuid>
                        <uuid>_a-0000e2a7-95ca-8000-9ba2-011c48011c48_53769</uuid>
                        <uuid>_a-0000e2a7-95ca-8000-9ba2-011c48011c48_53807</uuid>
                        <uuid>_a-0000e2a7-95ca-8000-9ba2-011c48011c48_53821</uuid>
                        <uuid>_a-0000e2a7-95ca-8000-9ba2-011c48011c48_57787</uuid>
                        <uuid>_a-0000e2f5-cb25-8000-9ba2-011c48011c48_105197</uuid>
                        <uuid>_a-0000e2f5-cb25-8000-9ba2-011c48011c48_113140</uuid>
                        <uuid>_a-0000e2f5-cb25-8000-9ba2-011c48011c48_113147</uuid>
                        <uuid>_a-0000e2f5-cb25-8000-9ba2-011c48011c48_113139</uuid>
                        <uuid>_a-0000e323-af86-8000-9ba2-011c48011c48_122391</uuid>
                        <uuid>_a-0000e323-af86-8000-9ba2-011c48011c48_123010</uuid>
                        <uuid>_a-0000e324-cf90-8000-9ba2-011c48011c48_123621</uuid>
                        <uuid>_a-0000e324-cf90-8000-9ba2-011c48011c48_124295</uuid>
                        <uuid>_a-0000e324-cf90-8000-9ba2-011c48011c48_136970</uuid>
                        <uuid>_a-0000e324-cf90-8000-9ba2-011c48011c48_137512</uuid>
                        <uuid>_a-0000e324-cf90-8000-9ba2-011c48011c48_137543</uuid>
                        <uuid>_a-0000e324-cf90-8000-9ba2-011c48011c48_137564</uuid>
                        <uuid>_a-0000e324-cf90-8000-9ba2-011c48011c48_137715</uuid>
                        <uuid>_a-0000e324-cf90-8000-9ba2-011c48011c48_137758</uuid>
                        <uuid>_a-0000e324-cf90-8000-9ba2-011c48011c48_137796</uuid>
                    </uuids>
                </item>
                <item>
                    <type>forum</type>
                    <uuids/>
                </item>
                <item>
                    <type>processModelFolder</type>
                    <uuids>
                        <uuid>_g-0000e2f5-cb25-8000-f92f-7f0000014e7a_175</uuid>
                    </uuids>
                </item>
                <item>
                    <type>processModel</type>
                    <uuids>
                        <uuid>0002e323-50c7-8000-f92f-7f0000014e7a</uuid>
                    </uuids>
                </item>
                <item>
                    <type>portlet</type>
                    <uuids/>
                </item>
                <item>
                    <type>page</type>
                    <uuids/>
                </item>
                <item>
                    <type>application</type>
                    <uuids/>
                </item>
                <item>
                    <type>tempoFeed</type>
                    <uuids/>
                </item>
                <item>
                    <type>recordType</type>
                    <uuids>
                        <uuid>25c9d191-321d-4413-92d1-c550bf29903a</uuid>
                        <uuid>f66ef4c5-8892-4b3a-a0ad-39df7a1508ad</uuid>
                    </uuids>
                </item>
                <item>
                    <type>tempoReport</type>
                    <uuids>
                        <uuid>a1374d5f-d2a3-4966-b8d9-1961e22556b5</uuid>
                    </uuids>
                </item>
                <item>
                    <type>taskReport</type>
                    <uuids/>
                </item>
                <item>
                    <type>webApi</type>
                    <uuids>
                        <uuid>3b50233c-b607-4981-ad48-25d2d20c3eab</uuid>
                    </uuids>
                </item>
                <item>
                    <type>site</type>
                    <uuids>
                        <uuid>b72c5455-4972-482a-9cc0-4873ef3b5ff4</uuid>
                    </uuids>
                </item>
                <item>
                    <type>adminSetting</type>
                    <uuids/>
                </item>
                <item>
                    <type>thirdPartyCredentials</type>
                    <uuids/>
                </item>
                <item>
                    <type>dataSource</type>
                    <uuids/>
                </item>
                <item>
                    <type>embeddedSailTheme</type>
                    <uuids/>
                </item>
                <item>
                    <type>connectedSystem</type>
                    <uuids/>
                </item>
            </globalIdMap>
        </associatedObjects>
        <applicationNavigation/>
        <applicationActions/>
        <associatedApplications>
            <globalIdMap>
                <item>
                    <type>datatype</type>
                    <uuids/>
                </item>
                <item>
                    <type>dataStore</type>
                    <uuids/>
                </item>
                <item>
                    <type>user</type>
                    <uuids/>
                </item>
                <item>
                    <type>groupType</type>
                    <uuids/>
                </item>
                <item>
                    <type>group</type>
                    <uuids/>
                </item>
                <item>
                    <type>content</type>
                    <uuids/>
                </item>
                <item>
                    <type>forum</type>
                    <uuids/>
                </item>
                <item>
                    <type>processModelFolder</type>
                    <uuids/>
                </item>
                <item>
                    <type>processModel</type>
                    <uuids/>
                </item>
                <item>
                    <type>portlet</type>
                    <uuids/>
                </item>
                <item>
                    <type>page</type>
                    <uuids/>
                </item>
                <item>
                    <type>application</type>
                    <uuids/>
                </item>
                <item>
                    <type>tempoFeed</type>
                    <uuids/>
                </item>
                <item>
                    <type>recordType</type>
                    <uuids/>
                </item>
                <item>
                    <type>tempoReport</type>
                    <uuids/>
                </item>
                <item>
                    <type>taskReport</type>
                    <uuids/>
                </item>
                <item>
                    <type>webApi</type>
                    <uuids/>
                </item>
                <item>
                    <type>site</type>
                    <uuids/>
                </item>
                <item>
                    <type>adminSetting</type>
                    <uuids/>
                </item>
                <item>
                    <type>thirdPartyCredentials</type>
                    <uuids/>
                </item>
                <item>
                    <type>dataSource</type>
                    <uuids/>
                </item>
                <item>
                    <type>embeddedSailTheme</type>
                    <uuids/>
                </item>
                <item>
                    <type>connectedSystem</type>
                    <uuids/>
                </item>
            </globalIdMap>
        </associatedApplications>
    </application>
    <roleMap>
        <contentRoleMap public="true">
            <role inherit="false" allowForAll="false" name="readers">
                <users/>
                <groups/>
            </role>
            <role inherit="false" allowForAll="false" name="authors">
                <users/>
                <groups/>
            </role>
            <role inherit="false" allowForAll="false" name="administrators">
                <users/>
                <groups/>
            </role>
            <role inherit="false" allowForAll="false" name="denyReaders">
                <users/>
                <groups/>
            </role>
            <role inherit="false" allowForAll="false" name="denyAuthors">
                <users/>
                <groups/>
            </role>
            <role inherit="false" allowForAll="false" name="denyAdministrators">
                <users/>
                <groups/>
            </role>
        </contentRoleMap>
    </roleMap>
    <history>
        <historyInfo versionUuid="_a-0000e2f5-cb25-8000-9ba2-011c48011c48_105202"/>
        <historyInfo versionUuid="_a-0000e324-cf90-8000-9ba2-011c48011c48_138823"/>
    </history>
</applicationHaul>
