<?xml version="1.0" encoding="UTF-8"?>
<siteHaul xmlns:a="http://www.appian.com/ae/types/2009" xmlns:xsi="http://www.w3.org/2001/XMLSchema-instance">
  <versionUuid>81f9ba99-8505-4d27-a7cc-ddfb37cd71c6</versionUuid>
  <site a:uuid="b72c5455-4972-482a-9cc0-4873ef3b5ff4" name="SS_Calendar">
    <description/>
    <urlStub>calendar</urlStub>
    <page>
      <staticName>Calendar</staticName>
      <description/>
      <urlStub>calendar</urlStub>
      <uiObject a:uuid="a1374d5f-d2a3-4966-b8d9-1961e22556b5" xsi:type="a:TempoReport"/>
      <iconId>f073</iconId>
      <visibilityExpr>fn!true()</visibilityExpr>
      <pageWidth>STANDARD</pageWidth>
    </page>
    <visibility>268435456</visibility>
    <headerBackgroundColor/>
    <selectedTabBackgroundColor/>
    <faviconRef a:uuid="SYSTEM_CONTENT_SITES_DEFAULT_FAVICON" xsi:type="a:CollaborationDocument"/>
    <faviconHref/>
    <logoRef a:uuid="SYSTEM_CONTENT_SITES_DEFAULT_LOGO" xsi:type="a:CollaborationDocument"/>
    <logoHref/>
    <headerBackgroundColorExpr/>
    <selectedTabBackgroundColorExpr/>
    <accentColor/>
    <accentColorExpr/>
    <logoExpr/>
    <faviconExpr/>
    <showName>false</showName>
    <tempoLinkVisibility>HIDDEN</tempoLinkVisibility>
    <showRecordNews>true</showRecordNews>
    <isSystem>false</isSystem>
  </site>
  <roleMap/>
  <history>
    <historyInfo versionUuid="81f9ba99-8505-4d27-a7cc-ddfb37cd71c6"/>
  </history>
</siteHaul>
