<?xml version="1.0" encoding="UTF-8"?>
<recordTypeHaul xmlns:a="http://www.appian.com/ae/types/2009" xmlns:xsi="http://www.w3.org/2001/XMLSchema-instance">
  <versionUuid>acbcfb7a-6692-404d-890b-89a5cd21e5f3</versionUuid>
  <recordType a:uuid="f66ef4c5-8892-4b3a-a0ad-39df7a1508ad" name="User Management">
    <a:pluralName>User Management</a:pluralName>
    <a:description/>
    <a:urlStub>5ym8tQ</a:urlStub>
    <a:source a:uuid="{urn:com:appian:types:RC}RC_User_Group_Management" xsi:type="a:Datatype"/>
    <a:listViewTemplateExpr>#"SYSTEM_SYSRULES_recordGridLayoutColumns"(
  columns: {
    #"SYSTEM_SYSRULES_gridLayoutColumn"(
      label: "User Name",
      field: "groupName",
      component: #"SYSTEM_SYSRULES_recordGrid_linkField"(
        links: #"SYSTEM_SYSRULES_recordLink"(
          label: rf!groupName,
          recordType: rp!type,
          identifier: rp!id
        )
      )
    ),
    #"SYSTEM_SYSRULES_gridLayoutColumn"(
      label: "User Groups",
      field: "groupMembers",
      component: #"SYSTEM_SYSRULES_recordGrid_textField"(
        displayValue: rf!groupMembers,
        align: null
      )
    )
  },
  pageSize: 50,
  defaultSort: #"SYSTEM_SYSRULES_sortInfo"(
    field: "groupName",
    ascending: fn!true()
  ),
  shadeAlternateRows: true,
  spacing: "DENSE",
  borderstyle: "STANDARD"
)</a:listViewTemplateExpr>
    <a:detailViewCfg>
      <a:nameExpr>="Summary"</a:nameExpr>
      <a:uiExpr>#"_a-0000e324-cf90-8000-9ba2-011c48011c48_130080"(user: rf!groupName)</a:uiExpr>
      <a:visibilityExpr>=true()</a:visibilityExpr>
      <a:urlStub>summary</a:urlStub>
      <a:headerExpr/>
    </a:detailViewCfg>
    <a:isSystem>false</a:isSystem>
    <a:dataSrcExpr/>
    <a:facetsListExpr/>
    <a:titleExpr>rf!groupName</a:titleExpr>
    <a:defaultFiltersExpr/>
    <a:layoutType>GRID</a:layoutType>
    <a:security>16383</a:security>
    <a:hideLatestNews>false</a:hideLatestNews>
    <a:isExportable>true</a:isExportable>
    <a:listViewSrcExpr>#"_a-0000e324-cf90-8000-9ba2-011c48011c48_129922"()</a:listViewSrcExpr>
    <a:recordViewSrcExpr>#"_a-0000e324-cf90-8000-9ba2-011c48011c48_130099"(rp!id)</a:recordViewSrcExpr>
    <a:iconId>f2be</a:iconId>
    <a:listAutoRefreshInterval>0.0</a:listAutoRefreshInterval>
  </recordType>
  <roleMap>
    <role name="record_type_administrator">
      <users/>
      <groups>
        <groupUuid>_e-0000e232-498c-8000-9aee-01075c01075c_59</groupUuid>
      </groups>
    </role>
  </roleMap>
  <history>
    <historyInfo versionUuid="acbcfb7a-6692-404d-890b-89a5cd21e5f3"/>
  </history>
  <migrationVersion>1</migrationVersion>
</recordTypeHaul>
