<?xml version="1.0" encoding="UTF-8" standalone="yes"?>
<contentHaul xmlns:a="http://www.appian.com/ae/types/2009">
    <versionUuid>_a-0000e324-cf90-8000-9ba2-011c48011c48_137962</versionUuid>
    <rule>
        <name>SS_calendarMonthScrollView</name>
        <uuid>_a-0000e324-cf90-8000-9ba2-011c48011c48_137715</uuid>
        <description></description>
        <parentUuid>_a-0000e2a7-95ca-8000-9ba2-011c48011c48_53728</parentUuid>
        <visibility>
            <advertise>false</advertise>
            <hierarchy>true</hierarchy>
            <indexable>true</indexable>
            <quota>false</quota>
            <searchable>true</searchable>
            <system>false</system>
            <unlogged>false</unlogged>
        </visibility>
        <definition>{
  #"SYSTEM_SYSRULES_sectionLayout_v1"(
    contents: {
      #"SYSTEM_SYSRULES_columnsLayout"(
        columns: {
          #"SYSTEM_SYSRULES_columnLayout"(
            contents: {
              #"SYSTEM_SYSRULES_cardLayout"(
                contents: {
                  #"SYSTEM_SYSRULES_richTextDisplayField"(
                    label: "Rich Text",
                    labelPosition: "COLLAPSED",
                    value: {
                      #"SYSTEM_SYSRULES_richTextIcon"(
                        icon: "chevron-circle-left",
                        color: if(
                          ri!month = 1,
                          "STANDARD",
                          "ACCENT"
                        ),
                        size: "MEDIUM_PLUS",
                        link: #"SYSTEM_SYSRULES_dynamicLink"(
                          saveInto: a!save(
                            ri!month,
                            ri!month - 1
                          ),
                          showWhen: not(
                            ri!month = 1
                          )
                        ),
                        linkStyle: "STANDALONE"
                      )
                    },
                    align: "CENTER"
                  )
                },
                style: "NONE",
                height: "AUTO",
                marginBelow: "STANDARD",
                showBorder: false()
              )
            }
          ),
          #"SYSTEM_SYSRULES_columnLayout"(
            contents: {
              #"SYSTEM_SYSRULES_cardLayout"(
                contents: {
                  #"SYSTEM_SYSRULES_richTextDisplayField"(
                    label: "Rich Text",
                    labelPosition: "COLLAPSED",
                    value: {
                      #"SYSTEM_SYSRULES_richTextItem_v1"(
                        text: index(
                          #"_a-0000e324-cf90-8000-9ba2-011c48011c48_137758",
                          ri!month,
                          {}
                        ) &amp; " " &amp; ri!year,
                        color: "ACCENT",
                        size: "MEDIUM_PLUS"
                      )
                    }
                  )
                },
                style: "NONE",
                height: "AUTO",
                marginBelow: "STANDARD",
                showBorder: false()
              )
            }
          ),
          #"SYSTEM_SYSRULES_columnLayout"(
            contents: {
              #"SYSTEM_SYSRULES_cardLayout"(
                contents: {
                  #"SYSTEM_SYSRULES_richTextDisplayField"(
                    label: "Rich Text",
                    labelPosition: "COLLAPSED",
                    value: {
                      #"SYSTEM_SYSRULES_richTextIcon"(
                        icon: "chevron-circle-right",
                        color: if(
                          ri!month = 12,
                          "STANDARD",
                          "ACCENT"
                        ),
                        size: "MEDIUM_PLUS",
                        link: #"SYSTEM_SYSRULES_dynamicLink"(
                          saveInto: a!save(
                            ri!month,
                            ri!month + 1
                          ),
                          showWhen: not(
                            ri!month = 12
                          )
                        ),
                        linkStyle: "STANDALONE",
                        
                      )
                    },
                    align: "CENTER"
                  )
                },
                style: "NONE",
                height: "AUTO",
                marginBelow: "STANDARD",
                showBorder: false()
              )
            }
          )
        }
      )
    }
  )
}</definition>
        <namedTypedValue>
            <name>month</name>
            <type>
                <name>int</name>
                <namespace>http://www.w3.org/2001/XMLSchema</namespace>
            </type>
        </namedTypedValue>
        <namedTypedValue>
            <name>year</name>
            <type>
                <name>int</name>
                <namespace>http://www.w3.org/2001/XMLSchema</namespace>
            </type>
        </namedTypedValue>
        <preferredEditor>interface</preferredEditor>
        <offlineEnabled>false</offlineEnabled>
    </rule>
    <roleMap public="true">
        <role inherit="true" allowForAll="false" name="readers">
            <users/>
            <groups/>
        </role>
        <role inherit="true" allowForAll="false" name="authors">
            <users/>
            <groups/>
        </role>
        <role inherit="true" allowForAll="false" name="administrators">
            <users/>
            <groups/>
        </role>
        <role inherit="false" allowForAll="false" name="denyReaders">
            <users/>
            <groups/>
        </role>
        <role inherit="false" allowForAll="false" name="denyAuthors">
            <users/>
            <groups/>
        </role>
        <role inherit="false" allowForAll="false" name="denyAdministrators">
            <users/>
            <groups/>
        </role>
    </roleMap>
    <history>
        <historyInfo versionUuid="_a-0000e324-cf90-8000-9ba2-011c48011c48_137962"/>
    </history>
</contentHaul>
