<?xml version="1.0" encoding="UTF-8" standalone="yes"?>
<contentHaul xmlns:a="http://www.appian.com/ae/types/2009">
    <versionUuid>_a-0000e324-cf90-8000-9ba2-011c48011c48_137915</versionUuid>
    <rule>
        <name>SS_calendarDatesView</name>
        <uuid>_a-0000e324-cf90-8000-9ba2-011c48011c48_137543</uuid>
        <description></description>
        <parentUuid>_a-0000e2a7-95ca-8000-9ba2-011c48011c48_53728</parentUuid>
        <visibility>
            <advertise>false</advertise>
            <hierarchy>true</hierarchy>
            <indexable>true</indexable>
            <quota>false</quota>
            <searchable>true</searchable>
            <system>false</system>
            <unlogged>false</unlogged>
        </visibility>
        <definition>with(
  local!days: #"_a-0000e324-cf90-8000-9ba2-011c48011c48_137796",
  local!startDay: weekday(
    todate(
      ri!month &amp; "/1/" &amp; ri!year
    ),
    1
  ),
  local!rows: enumerate(
    if(
      local!startDay = 7,
      6,
      5
    )
  ) + 1,
  local!columns: enumerate(
    7
  ) + 1,
  local!dates: #"_a-0000e324-cf90-8000-9ba2-011c48011c48_137512"(
    year: ri!year,
    month: ri!month
  ),
  {
    #"SYSTEM_SYSRULES_columnsLayout"(
      columns: {
        #"SYSTEM_SYSRULES_forEach"(
          local!days,
          #"SYSTEM_SYSRULES_columnLayout"(
            contents: {
              #"SYSTEM_SYSRULES_cardLayout"(
                contents: {
                  #"SYSTEM_SYSRULES_richTextDisplayField"(
                    label: "",
                    labelPosition: "COLLAPSED",
                    value: {
                      #"SYSTEM_SYSRULES_richTextItem_v1"(
                        text: {
                          fv!item
                        },
                        color: "STANDARD",
                        size: "SMALL",
                        style: "STRONG"
                      )
                    },
                    align: "CENTER"
                  )
                },
                style: "ACCENT",
                height: "AUTO",
                marginBelow: "NONE"
              )
            }
          )
        )
      }
    ),
    #"SYSTEM_SYSRULES_forEach"(
      local!dates,
      #"SYSTEM_SYSRULES_columnsLayout"(
        columns: {
          #"SYSTEM_SYSRULES_forEach"(
            fv!item,
            #"SYSTEM_SYSRULES_columnLayout"(
              contents: {
                #"SYSTEM_SYSRULES_cardLayout"(
                  contents: {
                    #"SYSTEM_SYSRULES_richTextDisplayField"(
                      align: "CENTER",
                      value: #"SYSTEM_SYSRULES_richTextItem_v1"(
                        text: if(
                          fv!item = 0,
                          "",
                          fv!item
                        ),
                        color: "ACCENT",
                        style: "STRONG"
                      )
                    )
                  },
                  style: if(
                    fv!item = 0,
                    "STANDARD",
                    "NONE"
                  ),
                  height: "SHORT",
                  marginBelow: "NONE"
                )
              }
            )
          )
        }
      )
    )
  }
)</definition>
        <namedTypedValue>
            <name>year</name>
            <type>
                <name>int</name>
                <namespace>http://www.w3.org/2001/XMLSchema</namespace>
            </type>
        </namedTypedValue>
        <namedTypedValue>
            <name>month</name>
            <type>
                <name>int</name>
                <namespace>http://www.w3.org/2001/XMLSchema</namespace>
            </type>
        </namedTypedValue>
        <preferredEditor>interface</preferredEditor>
        <offlineEnabled>false</offlineEnabled>
    </rule>
    <roleMap public="true">
        <role inherit="true" allowForAll="false" name="readers">
            <users/>
            <groups/>
        </role>
        <role inherit="true" allowForAll="false" name="authors">
            <users/>
            <groups/>
        </role>
        <role inherit="true" allowForAll="false" name="administrators">
            <users/>
            <groups/>
        </role>
        <role inherit="false" allowForAll="false" name="denyReaders">
            <users/>
            <groups/>
        </role>
        <role inherit="false" allowForAll="false" name="denyAuthors">
            <users/>
            <groups/>
        </role>
        <role inherit="false" allowForAll="false" name="denyAdministrators">
            <users/>
            <groups/>
        </role>
    </roleMap>
    <history>
        <historyInfo versionUuid="_a-0000e324-cf90-8000-9ba2-011c48011c48_137915"/>
    </history>
</contentHaul>
