<?xml version="1.0" encoding="UTF-8" standalone="yes"?>
<contentHaul xmlns:a="http://www.appian.com/ae/types/2009">
    <versionUuid>_a-0000e2f5-cb25-8000-9ba2-011c48011c48_105624</versionUuid>
    <constant>
        <name>BREADCRUMB_IMAGES</name>
        <uuid>_a-0000e2f5-cb25-8000-9ba2-011c48011c48_105197</uuid>
        <description></description>
        <parentUuid>_a-0000e2a7-95ca-8000-9ba2-011c48011c48_53728</parentUuid>
        <visibility>
            <advertise>false</advertise>
            <hierarchy>true</hierarchy>
            <indexable>true</indexable>
            <quota>false</quota>
            <searchable>true</searchable>
            <system>false</system>
            <unlogged>false</unlogged>
        </visibility>
        <typedValue>
            <type>
                <name>CollaborationDocument?list</name>
                <namespace>http://www.appian.com/ae/types/2009</namespace>
            </type>
            <value>
                <el>_a-0000e2f5-cb25-8000-9ba2-011c48011c48_105159</el>
                <el>_a-0000e2f5-cb25-8000-9ba2-011c48011c48_105161</el>
                <el>_a-0000e2f5-cb25-8000-9ba2-011c48011c48_105157</el>
                <el>_a-0000e2f5-cb25-8000-9ba2-011c48011c48_105155</el>
                <el>_a-0000e2f5-cb25-8000-9ba2-011c48011c48_105588</el>
                <el>_a-0000e2f5-cb25-8000-9ba2-011c48011c48_105590</el>
                <el>_a-0000e2f5-cb25-8000-9ba2-011c48011c48_105593</el>
                <el>_a-0000e2f5-cb25-8000-9ba2-011c48011c48_105595</el>
                <el>_a-0000e2f5-cb25-8000-9ba2-011c48011c48_105597</el>
                <el>_a-0000e2f5-cb25-8000-9ba2-011c48011c48_105163</el>
                <el>_a-0000e2f5-cb25-8000-9ba2-011c48011c48_105165</el>
                <el>_a-0000e2f5-cb25-8000-9ba2-011c48011c48_105167</el>
            </value>
        </typedValue>
        <isEnvironmentSpecific>false</isEnvironmentSpecific>
    </constant>
    <roleMap public="true">
        <role inherit="true" allowForAll="false" name="readers">
            <users/>
            <groups/>
        </role>
        <role inherit="true" allowForAll="false" name="authors">
            <users/>
            <groups/>
        </role>
        <role inherit="true" allowForAll="false" name="administrators">
            <users/>
            <groups/>
        </role>
        <role inherit="false" allowForAll="false" name="denyReaders">
            <users/>
            <groups/>
        </role>
        <role inherit="false" allowForAll="false" name="denyAuthors">
            <users/>
            <groups/>
        </role>
        <role inherit="false" allowForAll="false" name="denyAdministrators">
            <users/>
            <groups/>
        </role>
    </roleMap>
    <history>
        <historyInfo versionUuid="_a-0000e2f5-cb25-8000-9ba2-011c48011c48_105624"/>
    </history>
</contentHaul>
