<?xml version="1.0" encoding="UTF-8" standalone="yes"?>
<contentHaul xmlns:a="http://www.appian.com/ae/types/2009">
    <versionUuid>_a-0000e324-cf90-8000-9ba2-011c48011c48_137689</versionUuid>
    <rule>
        <name>SS_calendarYearScrollView</name>
        <uuid>_a-0000e324-cf90-8000-9ba2-011c48011c48_137564</uuid>
        <description></description>
        <parentUuid>_a-0000e2a7-95ca-8000-9ba2-011c48011c48_53728</parentUuid>
        <visibility>
            <advertise>false</advertise>
            <hierarchy>true</hierarchy>
            <indexable>true</indexable>
            <quota>false</quota>
            <searchable>true</searchable>
            <system>false</system>
            <unlogged>false</unlogged>
        </visibility>
        <definition>{
  #"SYSTEM_SYSRULES_cardLayout"(
    contents: {
      #"SYSTEM_SYSRULES_richTextDisplayField"(
        align: "CENTER",
        label: "",
        labelPosition: "COLLAPSED",
        value: {
          #"SYSTEM_SYSRULES_richTextIcon"(
            icon: "angle-up",
            size: "LARGE_PLUS",
            color: "ACCENT",
            link: #"SYSTEM_SYSRULES_dynamicLink"(
              saveInto: a!save(
                ri!year,
                ri!year - 1
              )
            ),
            linkStyle: "STANDALONE"
          )
        }
      )
    },
    style: "NONE",
    height: "AUTO",
    marginBelow: "NONE",
    showBorder: false()
  ),
  #"SYSTEM_SYSRULES_cardLayout"(
    contents: {
      #"SYSTEM_SYSRULES_richTextDisplayField"(
        label: "",
        labelPosition: "COLLAPSED",
        value: {
          #"SYSTEM_SYSRULES_richTextItem_v1"(
            text: ri!year - 5,
            color: "#ffffff",
            size: "MEDIUM",
            style: "STRONG"
          )
        },
        align: "CENTER"
      )
    },
    style: "#5ba4cf",
    height: "AUTO",
    marginBelow: "NONE"
  ),
  #"SYSTEM_SYSRULES_cardLayout"(
    contents: {
      #"SYSTEM_SYSRULES_richTextDisplayField"(
        label: "",
        labelPosition: "COLLAPSED",
        value: {
          #"SYSTEM_SYSRULES_richTextItem_v1"(
            text: ri!year - 4,
            color: "#ffffff",
            size: "MEDIUM",
            style: "STRONG"
          )
        },
        align: "CENTER"
      )
    },
    style: "#298fca",
    height: "AUTO",
    marginBelow: "NONE"
  ),
  #"SYSTEM_SYSRULES_cardLayout"(
    contents: {
      #"SYSTEM_SYSRULES_richTextDisplayField"(
        label: "",
        labelPosition: "COLLAPSED",
        value: {
          #"SYSTEM_SYSRULES_richTextItem_v1"(
            text: ri!year - 3,
            color: "#ffffff",
            size: "MEDIUM",
            style: "STRONG"
          )
        },
        align: "CENTER"
      )
    },
    style: "#0079bf",
    height: "AUTO",
    marginBelow: "NONE"
  ),
  #"SYSTEM_SYSRULES_cardLayout"(
    contents: {
      #"SYSTEM_SYSRULES_richTextDisplayField"(
        label: "",
        labelPosition: "COLLAPSED",
        value: {
          #"SYSTEM_SYSRULES_richTextItem_v1"(
            text: ri!year - 2,
            color: "#ffffff",
            size: "MEDIUM",
            style: "STRONG"
          )
        },
        align: "CENTER"
      )
    },
    style: "#026aa7",
    height: "AUTO",
    marginBelow: "NONE"
  ),
  #"SYSTEM_SYSRULES_cardLayout"(
    contents: {
      #"SYSTEM_SYSRULES_richTextDisplayField"(
        label: "",
        labelPosition: "COLLAPSED",
        value: {
          #"SYSTEM_SYSRULES_richTextItem_v1"(
            text: ri!year - 1,
            color: "#ffffff",
            size: "MEDIUM",
            style: "STRONG"
          )
        },
        align: "CENTER"
      )
    },
    style: "#055a8c",
    height: "AUTO",
    marginBelow: "NONE"
  ),
  #"SYSTEM_SYSRULES_cardLayout"(
    contents: {
      #"SYSTEM_SYSRULES_richTextDisplayField"(
        label: "",
        labelPosition: "COLLAPSED",
        value: {
          #"SYSTEM_SYSRULES_richTextItem_v1"(
            text: ri!year,
            color: "#ffffff",
            size: "MEDIUM",
            style: "STRONG"
          )
        },
        align: "CENTER"
      )
    },
    style: "#094c72",
    height: "SHORT"
  ),
  #"SYSTEM_SYSRULES_cardLayout"(
    contents: {
      #"SYSTEM_SYSRULES_richTextDisplayField"(
        label: "",
        labelPosition: "COLLAPSED",
        value: {
          #"SYSTEM_SYSRULES_richTextItem_v1"(
            text: ri!year + 1,
            color: "#ffffff",
            size: "MEDIUM",
            style: "STRONG"
          )
        },
        align: "CENTER"
      )
    },
    style: "#055a8c",
    height: "AUTO",
    marginBelow: "NONE"
  ),
  #"SYSTEM_SYSRULES_cardLayout"(
    contents: {
      #"SYSTEM_SYSRULES_richTextDisplayField"(
        label: "",
        labelPosition: "COLLAPSED",
        value: {
          #"SYSTEM_SYSRULES_richTextItem_v1"(
            text: ri!year + 2,
            color: "#ffffff",
            size: "MEDIUM",
            style: "STRONG"
          )
        },
        align: "CENTER"
      )
    },
    style: "#026aa7",
    height: "AUTO",
    marginBelow: "NONE"
  ),
  #"SYSTEM_SYSRULES_cardLayout"(
    contents: {
      #"SYSTEM_SYSRULES_richTextDisplayField"(
        label: "",
        labelPosition: "COLLAPSED",
        value: {
          #"SYSTEM_SYSRULES_richTextItem_v1"(
            text: ri!year + 3,
            color: "#ffffff",
            size: "MEDIUM",
            style: "STRONG"
          )
        },
        align: "CENTER"
      )
    },
    style: "#0079bf",
    height: "AUTO",
    marginBelow: "NONE"
  ),
  #"SYSTEM_SYSRULES_cardLayout"(
    contents: {
      #"SYSTEM_SYSRULES_richTextDisplayField"(
        label: "",
        labelPosition: "COLLAPSED",
        value: {
          #"SYSTEM_SYSRULES_richTextItem_v1"(
            text: ri!year + 4,
            color: "#ffffff",
            size: "MEDIUM",
            style: "STRONG"
          )
        },
        align: "CENTER"
      )
    },
    style: "#298fca",
    height: "AUTO",
    marginBelow: "NONE"
  ),
  #"SYSTEM_SYSRULES_cardLayout"(
    contents: {
      #"SYSTEM_SYSRULES_richTextDisplayField"(
        label: "",
        labelPosition: "COLLAPSED",
        value: {
          #"SYSTEM_SYSRULES_richTextItem_v1"(
            text: ri!year + 5,
            color: "#ffffff",
            size: "MEDIUM",
            style: "STRONG"
          )
        },
        align: "CENTER"
      )
    },
    style: "#5ba4cf",
    height: "AUTO",
    marginBelow: "NONE"
  ),
  #"SYSTEM_SYSRULES_cardLayout"(
    contents: {
      #"SYSTEM_SYSRULES_richTextDisplayField"(
        align: "CENTER",
        label: "",
        labelPosition: "COLLAPSED",
        value: {
          #"SYSTEM_SYSRULES_richTextIcon"(
            icon: "angle-down",
            size: "LARGE_PLUS",
            color: "ACCENT",
            link: #"SYSTEM_SYSRULES_dynamicLink"(
              saveInto: a!save(
                ri!year,
                ri!year + 1
              )
            ),
            linkStyle: "STANDALONE"
          )
        }
      )
    },
    style: "NONE",
    height: "AUTO",
    marginBelow: "NONE",
    showBorder: false()
  )
}</definition>
        <namedTypedValue>
            <name>year</name>
            <type>
                <name>int</name>
                <namespace>http://www.w3.org/2001/XMLSchema</namespace>
            </type>
        </namedTypedValue>
        <preferredEditor>interface</preferredEditor>
        <offlineEnabled>false</offlineEnabled>
    </rule>
    <roleMap public="true">
        <role inherit="true" allowForAll="false" name="readers">
            <users/>
            <groups/>
        </role>
        <role inherit="true" allowForAll="false" name="authors">
            <users/>
            <groups/>
        </role>
        <role inherit="true" allowForAll="false" name="administrators">
            <users/>
            <groups/>
        </role>
        <role inherit="false" allowForAll="false" name="denyReaders">
            <users/>
            <groups/>
        </role>
        <role inherit="false" allowForAll="false" name="denyAuthors">
            <users/>
            <groups/>
        </role>
        <role inherit="false" allowForAll="false" name="denyAdministrators">
            <users/>
            <groups/>
        </role>
    </roleMap>
    <history>
        <historyInfo versionUuid="_a-0000e324-cf90-8000-9ba2-011c48011c48_137689"/>
    </history>
</contentHaul>
